guid,Country,"Country info",Capital,"Capital info","Capital hint",Flag,"Flag similarity",Map,tags			
SdUr}o7uCD,AfghĂˇnistĂˇn,,KĂˇbul,,,"<img src=""ug-flag-afghanistan.png"" />",,"<img src=""ug-map-afghanistan.png"" />","UG::Asia UG::Sovereign_State"			
Kqu<?fnYdj,Anglie,"<div>KonstituÄŤnĂ­ zemÄ› VelkĂ© BritĂˇnie.</div><div></div>",LondĂ˝n,,"<div>NejednĂˇ se o suverĂ©nnĂ­ stĂˇt.</div><div></div>","<img src=""ug-flag-england.svg"" />",,"<img src=""ug-map-england.png"" />",UG::Europe			
NKd8wkwSc},Skotsko,"<div>KonstituÄŤnĂ­ zemÄ› VelkĂ© BritĂˇnie.</div><div></div>",Edinburgh,,,"<img src=""ug-flag-scotland.svg"" />",,"<img src=""ug-map-scotland.png"" />",UG::Europe			
Yhs*Ijz8VC,"SpojenĂ© krĂˇlovstvĂ­","ZnĂˇmĂ© tĂ©Ĺľ jako VelkĂˇ BritĂˇnie.",LondĂ˝n,,"<div>SuverĂ©nnĂ­ stĂˇt.</div>","<img src=""ug-flag-united_kingdom.svg"" />",,"<img src=""ug-map-united_kingdom.png"" />","UG::Europe UG::European_Union UG::Sovereign_State"			
I=<IzW3dl	,"SevernĂ­ Irsko","<div>KonstituÄŤnĂ­ zemÄ› VelkĂ© BritĂˇnie.</div><div></div>",Belfast,,,,,"<img src=""ug-map-northern_ireland.png"" />",UG::Europe		
Spjlp9rD,:,Francie,,PaĹ™Ă­Ĺľ,,,"<img src=""ug-flag-france.svg"" />",,"<img src=""ug-map-france.png"" />","UG::Europe UG::European_Union UG::Mediterranean UG::Sovereign_State"			
N;(h`tu;$,,Wales,"<div>KonstituÄŤnĂ­ zemÄ› VelkĂ© BritĂˇnie.</div><div></div>",Cardiff,,,"<img src=""ug-flag-wales.svg"" />",,"<img src=""ug-map-wales.png"" />",UG::Europe			
P	I	x<	mf|,Gruzie,,Tbilisi,,,"<img src=""ug-flag-georgia.svg"" />",,"<img src=""ug-map-georgia.png"" />","UG::Europe UG::Sovereign_State"
PI!BM*PLv+,NÄ›mecko,,BerlĂ­n,,,"<img src=""ug-flag-germany.svg"" />",,"<img src=""ug-map-germany.png"" />","UG::Europe UG::European_Union UG::Sovereign_State"			
Tq4zZAttN.,Ĺecko,,AthĂ©ny,,,"<img src=""ug-flag-greece.svg"" />",,"<img src=""ug-map-greece.png"" />","UG::Europe UG::European_Union UG::Mediterranean UG::Sovereign_State"			
OW*4tdwIqL,GrĂłnsko,"AutonomnĂ­ souÄŤĂˇst DĂˇnskĂ©ho krĂˇlovstvĂ­.",Nuuk,,,"<img src=""ug-flag-greenland.svg"" />",,"<img src=""ug-map-greenland.png"" />",UG::North_America			
SNNmX(ZBvD,MaÄŹarsko,,BudapeĹˇĹĄ,,,"<img src=""ug-flag-hungary.svg"" />",,"<img src=""ug-map-hungary.png"" />","UG::Europe UG::European_Union UG::Sovereign_State"			
M!hk^UHMp),AlbĂˇnie,,Tirana,,,"<img src=""ug-flag-albania.svg"" />",,"<img src=""ug-map-albania.png"" />","UG::Europe UG::Mediterranean UG::Sovereign_State"			
J{he]7qN%^,Andorra,,"Andorra la Vella",,,"<img src=""ug-flag-andorra.png"" />","<div>Moldavsko (ĹˇirĹˇĂ­, erb s orlem)</div>","<img src=""ug-map-andorra.png"" />","UG::Europe UG::Sovereign_State"			
XzL,*eiFuS,Rakousko,,VĂ­deĹ,,,"<img src=""ug-flag-austria.svg"" />","<div>LotyĹˇsko (tmavĹˇĂ­ ÄŤervenĂˇ, uĹľĹˇĂ­ bĂ­lĂ˝ pruh)</div>","<img src=""ug-map-austria.png"" />","UG::Europe UG::European_Union UG::Sovereign_State"			
Qh(tmyv2!+,ĂzerbĂˇjdĹľĂˇn,,Baku,,,"<img src=""ug-flag-azerbaijan.svg"" />",,"<img src=""ug-map-azerbaijan.png"" />","UG::Europe UG::Sovereign_State"			
Rk!:{NQ:DD,BÄ›lorusko,,Minsk,,,"<img src=""ug-flag-belarus.svg"" />",,"<img src=""ug-map-belarus.png"" />","UG::Europe UG::Sovereign_State"			
P[	ZHTH9s*,Belgie,,Brusel,,"<div>SuverĂ©nnĂ­ stĂˇt</div><div></div>","<img src=""ug-flag-belgium.svg"" />",,"<img src=""ug-map-belgium.png"" />","UG::Europe UG::European_Union UG::Sovereign_State"		
S!Cz	56)p3,"Bosna a hercegovina",,Sarajevo,,,"<img src=""ug-flag-bosnia_and_herzegovina.svg"" />",,"<img src=""ug-map-bosnia_and_herzegovina.png"" />","UG::Europe UG::Mediterranean UG::Sovereign_State"		
0cEWEn6Mk4,Bulharsko,,Sofie,,,"<img src=""ug-flag-bulgaria.svg"" />",,"<img src=""ug-map-bulgaria.png"" />","UG::Europe UG::European_Union UG::Sovereign_State"			
HVa$v[*MS*,Chorvatsko,,ZĂˇhĹ™eb,,,"<img src=""ug-flag-croatia.png"" />",,"<img src=""ug-map-croatia.png"" />","UG::Europe UG::European_Union UG::Mediterranean UG::Sovereign_State"			
Z72Sw&AS.Y,ÄŚesko,"<div>PouĹľĂ­vanĂ© ÄŤasteji ÄŚeskĂˇ republika.</div><div></div>",Praha,,,"<img src=""ug-flag-czech_republic.svg"" />",,"<img src=""ug-map-czech_republic.png"" />","UG::Europe UG::European_Union UG::Sovereign_State"			
Q@oSARj4{Q,DĂˇnsko,,KodaĹ,,,"<img src=""ug-flag-denmark.svg"" />",,"<img src=""ug-map-denmark.png"" />","UG::Europe UG::European_Union UG::Sovereign_State"			
8CRyr3v5s,Estonsko,,Tallinn,,,"<img src=""ug-flag-estonia.svg"" />",,"<img src=""ug-map-estonia.png"" />","UG::Europe UG::European_Union UG::Sovereign_State"			
QCojI{rzt2,"FaerskĂ© ostrovy","<div>KonstituÄŤnĂ­ zemÄ› DĂˇnskĂ©ho krĂˇlovstvĂ­.</div><div></div>",TĂłrshavn,,,"<img src=""ug-flag-faroe_islands.svg"" />","<div>Island (modrĂ© pozadĂ­, ÄŤervenĂ˝ a bĂ­lĂ˝ kĹ™Ă­Ĺľ), Norsko (ÄŤervenĂ© pozadĂ­, modrĂ˝ a bĂ­lĂ˝ kĹ™Ă­Ĺľ)</div><div></div>","<img src=""ug-map-faroe_islands.png"" />",UG::Europe			
QJ#h?,t`vv,Finsko,,Helsinky,,,"<img src=""ug-flag-finland.svg"" />",,"<img src=""ug-map-finland.png"" />","UG::Europe UG::European_Union UG::Sovereign_State"			
PfP(WP80AY,Island,,ReykjavĂ­k,,,"<img src=""ug-flag-iceland.svg"" />","<div>Norsko (ÄŤervenĂ© pozadĂ­, modrĂ˝ a bĂ­lĂ˝ kĹ™Ă­Ĺľ), FaerskĂ© ostrovy (bĂ­lĂ© pozadĂ­, ÄŤervenĂ˝ a modrĂ˝ kĹ™Ă­Ĺľ)</div>","<img src=""ug-map-iceland.png"" />","UG::Europe UG::Sovereign_State"			
YxF_I:!}G.,Irsko,,Dublin,,,"<img src=""ug-flag-ireland.svg"" />","<div>PobĹ™eĹľĂ­ slonoviny (prohozenĂˇ zelenĂˇ a oranĹľovĂˇ, uĹľĹˇĂ­)</div><div></div>","<img src=""ug-map-ireland.png"" />","UG::Europe UG::European_Union UG::Sovereign_State"			
I{.6CdY1D6,ItĂˇlie,,ĹĂ­m,,,"<img src=""ug-flag-italy.svg"" />",,"<img src=""ug-map-italy.png"" />","UG::Europe UG::European_Union UG::Mediterranean UG::Sovereign_State"			
So_]q&>DF%,LotyĹˇsko,,Riga,,,"<img src=""ug-flag-latvia.svg"" />","<div>Rakousko (svÄ›tlejĹˇĂ­ ÄŤervenĂˇ, ĹˇirĹˇĂ­ bĂ­lĂ˝ pruh)</div><div></div>","<img src=""ug-map-latvia.png"" />","UG::Europe UG::European_Union UG::Sovereign_State"			
Rka<_b5DD},LichtenĹˇtejnsko,,Vaduz,,,"<img src=""ug-flag-liechtenstein.svg"" />",,"<img src=""ug-map-liechtenstein.png"" />","UG::Europe UG::Sovereign_State"			
Q|daw=hzGu,Litva,,Vilnius,,,"<img src=""ug-flag-lithuania.svg"" />",,"<img src=""ug-map-lithuania.png"" />","UG::Europe UG::European_Union UG::Sovereign_State"			
OaD6_8~y.i,Lucembursko,,Lucemburk,,,"<img src=""ug-flag-luxembourg.svg"" />","<div>Nizozemsko (tmavĹˇĂ­ modrĂˇ)</div>","<img src=""ug-map-luxembourg.png"" />","UG::Europe UG::European_Union UG::Sovereign_State"			
Xd%e1})m)),"SevernĂ­ Makedonie","<div>DĹ™Ă­ve znĂˇmĂˇ jako Makedonie.</div><div></div>",Skopje,,,"<img src=""ug-flag-north_macedonia.svg"" />",,"<img src=""ug-map-north_macedonia.png"" />","UG::Europe UG::Sovereign_State"			
T,Q?krJ^.M,Malta,,Valletta,,,"<img src=""ug-flag-malta.svg"" />",,"<img src=""ug-map-malta.png"" />","UG::Europe UG::European_Union UG::Mediterranean UG::Sovereign_State"			
aQ&Lfl<*e,Moldavsko,,KiĹˇinÄ›v,,,"<img src=""ug-flag-moldova.svg"" />","<div>Andorra (uĹľĹˇĂ­, erb s mottem)</div><div></div>","<img src=""ug-map-moldova.png"" />","UG::Europe UG::Sovereign_State"			
SAJlS}1d@),Monako,,Monaco-Ville,,,"<img src=""ug-flag-monaco.svg"" />","<div>IndonĂ©sie (ĹˇirĹˇĂ­, svÄ›tlejĹˇĂ­ ÄŤervenĂˇ), Polsko (prohozenĂˇ ÄŤervenĂˇ a bĂ­lĂˇ, ĹˇirĹˇĂ­)</div><div></div>","<img src=""ug-map-monaco.png"" />","UG::Europe UG::Mediterranean UG::Sovereign_State"			
0?ZEtdYazd,"ÄŚernĂˇ hora",,Podgorica,"Cetinje je historicky hlavnĂ­ mÄ›sto.",,"<img src=""ug-flag-montenegro.png"" />",,"<img src=""ug-map-montenegro.png"" />","UG::Europe UG::Mediterranean UG::Sovereign_State"			
Uyrle<k6V$,Nizozemsko,,Amsterdam,"<div>ZatĂ­mco Amsterdam je oficiĂˇlnĂ­ hlavnĂ­ mÄ›sto, Haag je sĂ­dlo zĂˇkonodĂˇrnĂ© a vĂ˝konnĂ© moci.</div><div></div>",,"<img src=""ug-flag-netherlands.svg"" />","<div>Lucembursko (svÄ›tlejĹˇĂ­ modrĂˇ)</div><div></div>","<img src=""ug-map-netherlands.png"" />","UG::Europe UG::European_Union UG::Sovereign_State"			
R1G[@[!%0X,Norsko,,Oslo,,,"<img src=""ug-flag-norway.svg"" />","<div>Island (modrĂ© pozadĂ­, ÄŤervenĂ˝ kĹ™Ă­Ĺľ), FaerskĂ© ostrovy (bĂ­lĂ© pozadĂ­, ÄŤervenĂ˝ a modrĂ˝ kĹ™Ă­Ĺľ)</div><div></div>","<img src=""ug-map-norway.png"" />","UG::Europe UG::Sovereign_State"			
LzNfu_%AO5,Polsko,,VarĹˇava,,,"<img src=""ug-flag-poland.svg"" />","<div>IndonĂ©sie (prohozenĂˇ bĂ­lĂˇ a ÄŤervenĂˇ), Monako (prohozenĂˇ bĂ­lĂˇ a ÄŤervenĂˇ, uĹľĹˇĂ­)</div><div></div>","<img src=""ug-map-poland.png"">","UG::Europe UG::European_Union UG::Sovereign_State"			
WC@c]l&`B<,Portugalsko,,Lisabon,,,"<img src=""ug-flag-portugal.svg"" />",,"<img src=""ug-map-portugal.png"" />","UG::Europe UG::European_Union UG::Sovereign_State"			
P%OD]mwS*/,Rumunsko,,BukureĹˇĹĄ,,,"<img src=""ug-flag-romania.svg"" />","<div>ÄŚad (mĂ­rnÄ› tmavĹˇĂ­ modrĂˇ)</div><div></div>","<img src=""ug-map-romania.png"" />","UG::Europe UG::European_Union UG::Sovereign_State"			
1Qo*<wDxNe,Rusko,,Moskva,,,"<img src=""ug-flag-russia.svg"" />",,"<img src=""ug-map-russia.png"" />","UG::Europe UG::Sovereign_State"			
Phv.)E$	0u,"San Marino",,"San Marino (mÄ›sto)",,,"<img src=""ug-flag-san_marino.png"" />",,"<img src=""ug-map-san_marino.png"" />","UG::Europe UG::Sovereign_State"		
0Tbz}myI>l,Srbsko,,BÄ›lehrad,,,"<img src=""ug-flag-serbia.png"" />",,"<img src=""ug-map-serbia.png"" />","UG::Europe UG::Sovereign_State"			
W^TwqfsDD{,Slovensko,,Bratislava,,,"<img src=""ug-flag-slovakia.svg"" />",,"<img src=""ug-map-slovakia.png"" />","UG::Europe UG::European_Union UG::Sovereign_State"			
MsDM}gAqC9,Slovinsko,,LublaĹ,,,"<img src=""ug-flag-slovenia.svg"" />",,"<img src=""ug-map-slovenia.png"" />","UG::Europe UG::European_Union UG::Mediterranean UG::Sovereign_State"			
La~y*5I[/},Ĺ panÄ›lsko,,Madrid,,,"<img src=""ug-flag-spain.svg"" />",,"<img src=""ug-map-spain.png"" />","UG::Europe UG::European_Union UG::Mediterranean UG::Sovereign_State"			
Y[dyECz+S{,Ĺ vĂ©dsko,,Stockholm,,,"<img src=""ug-flag-sweden.svg"" />",,"<img src=""ug-map-sweden.png"" />","UG::Europe UG::European_Union UG::Sovereign_State"			
R]B%0r#dUj,Ĺ vĂ˝carsko,,Bern,"<div>Ĺ vĂ˝carsko nemĂˇ ĹľĂˇdnĂ© oficiĂˇlnĂ­ hlavnĂ­ mÄ›sto, Bern je de facto hlavnĂ­ mÄ›sto.</div>",,"<img src=""ug-flag-switzerland.svg"" />",,"<img src=""ug-map-switzerland.png"" />","UG::Europe UG::Sovereign_State"			
P&#sSusPTi,Turecko,,Ankara,,,"<img src=""ug-flag-turkey.svg"" />",,"<img src=""ug-map-turkey.png"" />","UG::Asia UG::Mediterranean UG::Middle_East UG::Sovereign_State"			
NFhyjP`]yG,Ukrajina,,Kyjev,,,"<img src=""ug-flag-ukraine.svg"" />",,"<img src=""ug-map-ukraine.png"" />","UG::Europe UG::Sovereign_State"			
SV~^iY+T:[,VatikĂˇn,,VatikĂˇn,,,"<img src=""ug-flag-vatican_city.svg"" />",,"<img src=""ug-map-vatican_city.png"" />","UG::Europe UG::Sovereign_State"			
Inra^3^)9D,ArmĂ©nie,,Jerevan,,,"<img src=""ug-flag-armenia.svg"" />",,"<img src=""ug-map-armenia.png"" />","UG::Europe UG::Sovereign_State"			
QVM{N?5a~:,Kypr,,NikĂłsie,,,"<img src=""ug-flag-cyprus.svg"" />",,"<img src=""ug-map-cyprus.png"" />","UG::Asia UG::European_Union UG::Mediterranean UG::Middle_East UG::Sovereign_State"			
OLgLpb1!W{,KazachstĂˇn,,Nur-Sultan,"<div>ZnĂˇmĂ˝ jako Astana do bĹ™ezna 2019.</div><div></div>",,"<img src=""ug-flag-kazakhstan.svg"" />",,"<img src=""ug-map-kazakhstan.png"" />","UG::Asia UG::Sovereign_State"			
Plpgd+mY<c,Egypt,,KĂˇhira,,,"<img src=""ug-flag-egypt.svg"" />","<div>IrĂˇk (text mĂ­sto emblĂ©mu), SĂ˝rie (dvÄ› hvÄ›zdy mĂ­sto emblĂ©mu), Jemen (bez emblĂ©mu)</div><div></div>","<img src=""ug-map-egypt.png"" />","UG::Africa UG::Mediterranean UG::Middle_East UG::Sovereign_State"			
HOK*eYb1JQ,AlĹľĂ­rsko,,AlĹľĂ­r,,,"<img src=""ug-flag-algeria.svg"" />",,"<img src=""ug-map-algeria.png"" />","UG::Africa UG::Mediterranean UG::Sovereign_State"			
UY:.F8}L/C,Angola,,Luanda,,,"<img src=""ug-flag-angola.svg"" />",,"<img src=""ug-map-angola.png"" />","UG::Africa UG::Sovereign_State"			
WgQ)9{pK4^,Benin,,"Porto Novo","<div>ZatĂ­mco Porto Novo je oficĂˇlnĂ­ hlavnĂ­ mÄ›sto, Cotonou je sĂ­dlem vlĂˇdy.</div><div></div>",,"<img src=""ug-flag-benin.svg"" />",,"<img src=""ug-map-benin.png"" />","UG::Africa UG::Sovereign_State UG::West_Africa"			
00T`XL|YsQ,Botswana,,Gaborone,,,"<img src=""ug-flag-botswana.svg"" />",,"<img src=""ug-map-botswana.png"" />","UG::Africa UG::Sovereign_State"			
Tvfm	@?ay<,"Burkina Faso",,Ouagadougou,,,"<img src=""ug-flag-burkina_faso.svg"" />",,"<img src=""ug-map-burkina_faso.png"" />","UG::Africa UG::Sovereign_State UG::West_Africa"		
Pa,>:Kw41?,Kamerun,,YaoundĂ©,,,"<img src=""ug-flag-cameroon.svg"" />","Senegal (zelenĂˇ/ĹľlutĂˇ/ÄŤervenĂˇ, zelenĂˇ hvÄ›zda)","<img src=""ug-map-cameroon.png"" />","UG::Africa UG::Sovereign_State"			
$UW,NxR2i,Burundi,,Gitega,"<div>OficiĂˇlnĂ­ hlavnĂ­ mÄ›sto bylo pĹ™esunuto z Bujumbury zpÄ›t do Gitegy v roce 2019.</div><div></div>",,"<img src=""ug-flag-burundi.svg"" />",,"<img src=""ug-map-burundi.png"" />","UG::Africa UG::East_Africa UG::Sovereign_State"			
M)<Zg.:kKG,Kapverdy,"<div>ZnĂˇmĂ© tĂ©Ĺľ jako Cabo Verde.</div><div></div>",Praia,,,"<img src=""ug-flag-cape_verde.svg"" />",,"<img src=""ug-map-cape_verde.png"" />","UG::Africa UG::Sovereign_State UG::West_Africa"			
MP=%-?2ClV,"SvatĂ˝ TomĂˇĹˇ a PrincĹŻv ostrov",,"SĂŁo TomĂ©",,,"<img src=""ug-flag-sao_tome_and_principe.svg"" />",,"<img src=""ug-map-sao_tome_and_principe.png"" />","UG::Africa UG::Sovereign_State"			
1	T&35r39r,"StĹ™edoafrickĂˇ republika",,Bangui,,,"<img src=""ug-flag-central_african_republic.svg"" />",,"<img src=""ug-map-central_african_republic.png"" />","UG::Africa UG::Sovereign_State"		
xl9jNuS:.,ÄŚad,,N'Djamena,,,"<img src=""ug-flag-chad.svg"" />","<div>Rumunsko (mĂ­rnÄ› svÄ›tlejĹˇĂ­ modrĂˇ)</div>","<img src=""ug-map-chad.png"" />","UG::Africa UG::Sovereign_State"			
M{,ZOAG8vV,"RovnĂ­kovĂˇ Guinea",,Malabo,,,"<img src=""ug-flag-equatorial_guinea.svg"" />",,"<img src=""ug-map-equatorial_guinea.png"" />","UG::Africa UG::Sovereign_State"			
PxPRn#zlCK,KeĹa,,Nairobi,,,"<img src=""ug-flag-kenya.svg"" />",,"<img src=""ug-map-kenya.png"" />","UG::Africa UG::East_Africa UG::Sovereign_State"			
ZGNLdF]8nn,Komory,,Moroni,,,"<img src=""ug-flag-comoros.svg"" />",,"<img src=""ug-map-comoros.png"" />","UG::Africa UG::East_Africa UG::Sovereign_State"			
P	E^~ff/O4,"PobĹ™eĹľĂ­ slonoviny","<div>OficiĂˇlnÄ› CĂ´te d'Ivoire.</div>",Yamoussoukro,"<div>ZatĂ­mco Yamoussoukro je oficiĂˇlnĂ­ hlavnĂ­ mÄ›sto, AbidĹľan je de facto sĂ­dlem vlĂˇdy.</div>",,"<img src=""ug-flag-ivory_coast.svg"" />","<div>Irsko (prohozenĂˇ oranĹľovĂˇ a zelenĂˇ, ĹˇirĹˇĂ­)</div>","<img src=""ug-map-ivory_coast.png"" />","UG::Africa UG::Sovereign_State UG::West_Africa"		
Ub^@7(]J-?,"KonĹľskĂˇ demokratickĂˇ republika","<div>DĹ™Ă­ve znĂˇmĂˇ jako Zair.</div>",Kinshasa,,,"<img src=""ug-flag-democratic_republic_of_the_congo.svg"" />",,"<img src=""ug-map-democratic_republic_of_the_congo.png"" />","UG::Africa UG::Sovereign_State"			
O?w]/&t!HI,DĹľibutsko,,DĹľibuti,,,"<img src=""ug-flag-djibouti.svg"" />",,"<img src=""ug-map-djibouti.png"" />","UG::Africa UG::East_Africa UG::Sovereign_State"			
OE-g#el{@{,Guinea-Bissau,,Bissau,,,"<img src=""ug-flag-guinea-bissau.svg"" />",,"<img src=""ug-map-guinea-bissau.png"" />","UG::Africa UG::Sovereign_State UG::West_Africa"			
V@z&o!QL#t,Eritrea,,Asmara,,,"<img src=""ug-flag-eritrea.svg"" />",,"<img src=""ug-map-eritrea.png"" />","UG::Africa UG::East_Africa UG::Sovereign_State"			
ZISb_q%~e`,Etiopie,,"Addis Abeba",,,"<img src=""ug-flag-ethiopia.svg"" />",,"<img src=""ug-map-ethiopia.png"" />","UG::Africa UG::East_Africa UG::Sovereign_State"			
Vt96	6<~5Z,Gabon,,Libreville,,,"<img src=""ug-flag-gabon.svg"" />",,"<img src=""ug-map-gabon.png"" />","UG::Africa UG::Sovereign_State"		
LjcsIwVX3),Gambie,,Banjul,,,"<img src=""ug-flag-the_gambia.svg"" />",,"<img src=""ug-map-the_gambia.png"" />","UG::Africa UG::Sovereign_State UG::West_Africa"			
U	0#m:v8mI,Lesotho,,Maseru,,,"<img src=""ug-flag-lesotho.svg"" />",,"<img src=""ug-map-lesotho.png"" />","UG::Africa UG::Sovereign_State"		
T3@d6HE@J+,LibĂ©rie,,Monrovia,,,"<img src=""ug-flag-liberia.svg"" />",,"<img src=""ug-map-liberia.png"" />","UG::Africa UG::Sovereign_State UG::West_Africa"			
SHYZn9}e#H,Madagascar,,Antananarivo,,,"<img src=""ug-flag-madagascar.svg"" />",,"<img src=""ug-map-madagascar.png"" />","UG::Africa UG::East_Africa UG::Sovereign_State"			
Y@_u<>.6Z6,Malawi,,Lilongwe,,,"<img src=""ug-flag-malawi.svg"" />",,"<img src=""ug-map-malawi.png"" />","UG::Africa UG::East_Africa UG::Sovereign_State"			
Js1cGE#.U^,Mali,,Bamako,,,"<img src=""ug-flag-mali.svg"" />","<div>Guinea (prohozenĂˇ zelenĂˇ a ÄŤervenĂˇ, mĂ­rnÄ› tmavĹˇĂ­ zelenĂˇ)</div><div></div>","<img src=""ug-map-mali.png"" />","UG::Africa UG::Sovereign_State UG::West_Africa"			
P.<r63{-/!,MauritĂˇnie,,NuakĹˇott,,,"<img src=""ug-flag-mauritania.svg"" />",,"<img src=""ug-map-mauritania.png"" />","UG::Africa UG::Sovereign_State UG::West_Africa"			
YV<:$uWhEF,Mauricius,,"Port Louis (Mauricius)",,,"<img src=""ug-flag-mauritius.svg"" />",,"<img src=""ug-map-mauritius.png"" />","UG::Africa UG::East_Africa UG::Sovereign_State"			
STqVc]->U-,Maroko,,Rabat,,,"<img src=""ug-flag-morocco.svg"" />",,"<img src=""ug-map-morocco.png"" />","UG::Africa UG::Mediterranean UG::Sovereign_State"			
1ROU8?ydbA,Mosambik,,Maputo,,,"<img src=""ug-flag-mozambique.svg"" />",,"<img src=""ug-map-mozambique.png"" />","UG::Africa UG::East_Africa UG::Sovereign_State"			
SVRNR~AJy$,Namibie,,Windhoek,,,"<img src=""ug-flag-namibia.svg"" />",,"<img src=""ug-map-namibia.png"" />","UG::Africa UG::Sovereign_State"			
PN5id)5r$q,Niger,,Niamey,,,"<img src=""ug-flag-niger.svg"" />",,"<img src=""ug-map-niger.png"" />","UG::Africa UG::Sovereign_State UG::West_Africa"			
Y$f2W.1<:k,NigĂ©rie,,Abuja,,,"<img src=""ug-flag-nigeria.svg"" />",,"<img src=""ug-map-nigeria.png"" />","UG::Africa UG::Sovereign_State UG::West_Africa"			
0I,Jl9UIF(,"KonĹľskĂˇ republika",,Brazzaville,,,"<img src=""ug-flag-republic_of_the_congo.svg"" />",,"<img src=""ug-map-republic_of_the_congo.png"" />","UG::Africa UG::Sovereign_State"			
PoTom6n(H+,Rwanda,,Kigali,,,"<img src=""ug-flag-rwanda.svg"" />",,"<img src=""ug-map-rwanda.png"" />","UG::Africa UG::East_Africa UG::Sovereign_State"			
Zs}zCxK2<O,Senegal,,Dakar,,,"<img src=""ug-flag-senegal.svg"" />","<div>Kamerun (zelenĂˇ/ÄŤervenĂˇ/ĹľlutĂˇ), ĹľlutĂˇ hvÄ›zda)</div><div></div>","<img src=""ug-map-senegal.png"" />","UG::Africa UG::Sovereign_State UG::West_Africa"			
N2,FrN]wC[,Seychely,,"Victoria (Seychely)",,,"<img src=""ug-flag-seychelles.svg"" />",,"<img src=""ug-map-seychelles.png"" />","UG::Africa UG::East_Africa UG::Sovereign_State"			
0Ne~QT?ies,"Sierra Leone",,Freetown,,,"<img src=""ug-flag-sierra_leone.svg"" />",,"<img src=""ug-map-sierra_leone.png"" />","UG::Africa UG::Sovereign_State UG::West_Africa"			
Kt4kSNbo<e,"JihoafrickĂˇ republika",,"Pretorie, KapskĂ© MÄ›sto, Bloemfontein","<div>JihoafrickĂˇ republika nemĂˇ legĂˇlnÄ› deklarovanĂ© hlavnĂ­ mÄ›sto, jednotlivĂ© vlĂˇdnĂ­ moci jsou rozdÄ›leny do tĹ™Ă­ mÄ›st: Pretorie (vĂ˝konnĂˇ moc), KapskĂ© MÄ›sto (zĂˇkonodĂˇrnĂˇ moc) a Bloemfontein (justice)</div><div></div>",,"<img src=""ug-flag-south_africa.svg"" />",,"<img src=""ug-map-south_africa.png"" />","UG::Africa UG::Sovereign_State"			
Qu5~-6j#HG,SĂşdĂˇn,,ChartĂşm,,,"<img src=""ug-flag-sudan.svg"" />","<div>StĂˇt Palestina (ÄŤervenĂˇ Ĺˇipka, zelenĂ˝ pruh)</div><div></div>","<img src=""ug-map-sudan.png"" />","UG::Africa UG::Sovereign_State"			
Kd=pAd*Ek`,Svazijsko,,Mbabane,"<div>ZatĂ­mco Mbabane je oficiĂˇlnĂ­ exekutivnĂ­ hlavnĂ­ mÄ›sto, Lobamba je tradiÄŤnĂ­, duchovnĂ­ a legislativnĂ­ hlavnĂ­ mÄ›sto.</div>",,"<img src=""ug-flag-eswatini.svg"" />",,"<img src=""ug-map-eswatini.png"" />","UG::Africa UG::Sovereign_State"			
Vv@=WpNr(@,Tanzanie,,Dodoma,"<div>ZatĂ­mco Dodoma je oficiĂˇlnĂ­ hlavnĂ­ mÄ›sto, Dar es Salaam je de facto sĂ­dlem vlĂˇdy.</div><div></div>",,"<img src=""ug-flag-tanzania.svg"" />",,"<img src=""ug-map-tanzania.png"" />","UG::Africa UG::East_Africa UG::Sovereign_State"			
Zq6h}mqoor,Togo,,LomĂ©,,,"<img src=""ug-flag-togo.svg"" />",,"<img src=""ug-map-togo.png"" />","UG::Africa UG::Sovereign_State UG::West_Africa"			
L^Gmma|ib&,Tunisko,,Tunis,,,"<img src=""ug-flag-tunisia.svg"" />",,"<img src=""ug-map-tunisia.png"" />","UG::Africa UG::Mediterranean UG::Sovereign_State"			
M3@Hg/pA`P,Uganda,,Kampala,,,"<img src=""ug-flag-uganda.svg"" />",,"<img src=""ug-map-uganda.png"" />","UG::Africa UG::East_Africa UG::Sovereign_State"			
I#W9~E(qw$,"SaharskĂˇ arabskĂˇ demokratickĂˇ republika","<div>ÄŚĂˇsteÄŤnĂ© uznĂˇvanĂ˝ stĂˇt nĂˇrokovanĂ˝ Marokem.</div><div></div>","Al-Â´ AjĂşn","<div>ZatĂ­mco Al-Â´ AjĂşn, znĂˇmĂ˝ tĂ©Ĺľ jako Laayoune, je oficiĂˇlnĂ­ hlavnĂ­ mÄ›sto, Tifariti je de facto sĂ­dlem vlĂˇdy.</div><div></div>",,"<img src=""ug-flag-sahrawi_arab_democratic_republic.svg"" />",,"<img src=""ug-map-sahrawi_arab_democratic_republic.png"" />","UG::Africa UG::Sovereign_State"			
L8#	%l&8a#,Zambie,,Lusaka,,,"<img src=""ug-flag-zambia.svg"" />",,"<img src=""ug-map-zambia.png"" />","UG::Africa UG::East_Africa UG::Sovereign_State"		
Xx	cI59VlA,Zimbabwe,,Harare,,,"<img src=""ug-flag-zimbabwe.svg"" />",,"<img src=""ug-map-zimbabwe.png"" />","UG::Africa UG::East_Africa UG::Sovereign_State"		
KA`16L7v>@,"KanĂˇrskĂ© ostrovy","<div>AutonomnĂ­ spoleÄŤenstvĂ­ Ĺ panÄ›lska.</div><div></div>",,,,,,"<img src=""ug-map-canary_islands.png"" />",UG::Africa			
Y4?L,:l`!E,Bahrajn,,ManĂˇma,,,"<img src=""ug-flag-bahrain.svg"">","<div>Katar (ĹˇirĹˇĂ­, vÄ›tĹˇĂ­ poÄŤet zoubkĹŻ, tmavĹˇĂ­ ÄŤervenĂˇ)</div>","<img src=""ug-map-bahrain.png"" />","UG::Asia UG::Middle_East UG::Sovereign_State"			
Rqz.fcSgt*,BangladĂ©Ĺˇ,,DhĂˇka,,,"<img src=""ug-flag-bangladesh.svg"" />",,"<img src=""ug-map-bangladesh.png"" />","UG::Asia UG::Sovereign_State"			
Q>v	FM+6|D,BhĂştĂˇn,,ThimbĂş,,,"<img src=""ug-flag-bhutan.svg"" />",,"<img src=""ug-map-bhutan.png"" />","UG::Asia UG::Sovereign_State"		
Y{zB61IQ[o,Brunej,,"Bandar Seri Begawan",,,"<img src=""ug-flag-brunei.svg"" />",,"<img src=""ug-map-brunei.png"" />","UG::Asia UG::Southeast_Asia UG::Sovereign_State"			
S-+ch1;%,,,ÄŚĂ­na,,Peking,,,"<img src=""ug-flag-china.svg"" />",,"<img src=""ug-map-china.png"" />","UG::Asia UG::Sovereign_State"			
H_oNep40ZO,KambodĹľa,,Phnompenh,,,"<img src=""ug-flag-cambodia.svg"" />",,"<img src=""ug-map-cambodia.png"" />","UG::Asia UG::Southeast_Asia UG::Sovereign_State"			
Y8IW(NXDz?,IndonĂ©sie,,Jakarta,,,"<img src=""ug-flag-indonesia.svg"" />","<div>Monaco (uĹľĹˇĂ­, tmavĹˇĂ­ ÄŤervenĂˇ), Polsko (prohozenĂˇ ÄŤervenĂˇ a bĂ­lĂˇ, tmavĹˇĂ­ ÄŤervenĂˇ)</div><div></div>","<img src=""ug-map-indonesia.png"" />","UG::Asia UG::Southeast_Asia UG::Sovereign_State"			
Waj{sw:`.{,Indie,,"NovĂ© DillĂ­",,,"<img src=""ug-flag-india.svg"" />",,"<img src=""ug-map-india.png"" />","UG::Asia UG::Sovereign_State"			
R0M&X:2jMT,Hongkong,"<div>ZvlĂˇĹˇtnĂ­ administrativnĂ­ oblast ÄŚĂ­ny.</div><div></div>",,,,"<img src=""ug-flag-hong_kong.svg"" />",,"<img src=""ug-map-hong_kong.png"" />",UG::Asia			
SM!y4SA`t8,ĂŤrĂˇn,,TeherĂˇn,,,"<img src=""ug-flag-iran.svg"" />",,"<img src=""ug-map-iran.png"" />","UG::Asia UG::Middle_East UG::Sovereign_State"			
OU=z|&!>88,Izrael,,JeruzalĂ©m,,,"<img src=""ug-flag-israel.svg"" />",,"<img src=""ug-map-israel.png"" />","UG::Asia UG::Mediterranean UG::Middle_East UG::Sovereign_State"			
P,h=*KcZ1L,IrĂˇk,,BagdĂˇd,,,"<img src=""ug-flag-iraq.svg"" />","<div>Egypt (emblĂ©m mĂ­sto textu), SĂ˝rie (dvÄ› hvÄ›zdy mĂ­sto textu), Yemen (bez textu)</div><div></div>","<img src=""ug-map-iraq.png"" />","UG::Asia UG::Middle_East UG::Sovereign_State"			
NALpR(O>]L,"JiĹľnĂ­ Korea",,Soul,,,"<img src=""ug-flag-south_korea.svg"" />",,"<img src=""ug-map-south_korea.png"" />","UG::Asia UG::Sovereign_State"			
Xe$^!Crq(4,"SevernĂ­ Korea",,Pchjongjang,,,"<img src=""ug-flag-north_korea.svg"" />",,"<img src=""ug-map-north_korea.png"" />","UG::Asia UG::Sovereign_State"			
OoDqXb+?P%,JordĂˇnsko,,AmmĂˇn,,,"<img src=""ug-flag-jordan.svg"" />",,"<img src=""ug-map-jordan.png"" />","UG::Asia UG::Middle_East UG::Sovereign_State"			
RJC$DbrVOR,Japonsko,,Tokio,,,"<img src=""ug-flag-japan.svg"" />",,"<img src=""ug-map-japan.png"" />","UG::Asia UG::Sovereign_State"			
S4Ow	~?Fe=,Libanon,,BejrĂşt,,,"<img src=""ug-flag-lebanon.svg"" />",,"<img src=""ug-map-lebanon.png"" />","UG::Asia UG::Mediterranean UG::Middle_East UG::Sovereign_State"		
O_zX$)sHa<,Laos,,Vientiane,,,"<img src=""ug-flag-laos.svg"" />",,"<img src=""ug-map-laos.png"" />","UG::Asia UG::Southeast_Asia UG::Sovereign_State"			
VVUbO-!?pE,KyrgyzstĂˇn,,BiĹˇkek,,,"<img src=""ug-flag-kyrgyzstan.svg"" />",,"<img src=""ug-map-kyrgyzstan.png"" />","UG::Asia UG::Sovereign_State"			
K5_}gRw4dQ,Kuvajt,,"Kuvajt (mÄ›sto)",,,"<img src=""ug-flag-kuwait.svg"" />",,"<img src=""ug-map-kuwait.png"" />","UG::Asia UG::Middle_East UG::Sovereign_State"			
RpUpB9tfW>,Myanmar,"<div>ZnĂˇmĂ˝ tĂ©Ĺľ jako Barma.</div><div></div>",Neipyijto,,,"<img src=""ug-flag-myanmar.svg"" />",,"<img src=""ug-map-myanmar.png"" />","UG::Asia UG::Southeast_Asia UG::Sovereign_State"			
JbNG#o|^[C,Mongolsko,,UlĂˇnbĂˇtar,,,"<img src=""ug-flag-mongolia.svg"" />",,"<img src=""ug-map-mongolia.png"" />","UG::Asia UG::Sovereign_State"			
N`	[S!vsQG,Maledivy,,Male,,,"<img src=""ug-flag-maldives.svg"" />",,"<img src=""ug-map-maldives.png"" />","UG::Asia UG::Sovereign_State"		
SVa}]l/v^<,Malajsie,,"Kuala Lumpur",,,"<img src=""ug-flag-malaysia.svg"" />",,"<img src=""ug-map-malaysia.png"" />","UG::Asia UG::Southeast_Asia UG::Sovereign_State"			
K#/|by)!Fp,OmĂˇn,,Maskat,,,"<img src=""ug-flag-oman.svg"" />",,"<img src=""ug-map-oman.png"" />","UG::Asia UG::Middle_East UG::Sovereign_State"			
Rb/95-!5r&,NepĂˇl,,KĂˇthmĂˇndĂş,,,"<img src=""ug-flag-nepal-nobox.svg"" />",,"<img src=""ug-map-nepal.png"" />","UG::Asia UG::Sovereign_State"			
MxCQ5bI?&z,"StĂˇt Palestina",,RamallĂˇh,,,"<img src=""ug-flag-palestine.svg"" />","<div>SĂşdĂˇn (zelenĂˇ Ĺˇipka, ÄŤervenĂ˝ pruh)</div><div></div>","<img src=""ug-map-palestine.png"" />","UG::Asia UG::Mediterranean UG::Middle_East UG::Sovereign_State"			
O,@jK1B1p[,PĂˇkistĂˇn,,IslĂˇmĂˇbĂˇd,,,"<img src=""ug-flag-pakistan.svg"" />",,"<img src=""ug-map-pakistan.png"" />","UG::Asia UG::Sovereign_State"			
SHZ:)O0wA!,Katar,,DauhĂˇ,,,"<img src=""ug-flag-qatar.svg"" />","<div>Bahrajn (uĹľĹˇĂ­, mĂ©nÄ› zoubkĹŻ, ÄŤervenĂˇ)</div><div></div>","<img src=""ug-map-qatar.png"" />","UG::Asia UG::Middle_East UG::Sovereign_State"			
RYEbmiS}~-,"SaĂşdskĂˇ ArĂˇbie",,RijĂˇd,,,"<img src=""ug-flag-saudi_arabia.svg"" />",,"<img src=""ug-map-saudi_arabia.png"" />","UG::Asia UG::Middle_East UG::Sovereign_State"			
I/Ag72	gUi,Singapur,,Singapur,,,"<img src=""ug-flag-singapore.svg"" />",,"<img src=""ug-map-singapore.png"" />","UG::Asia UG::Southeast_Asia UG::Sovereign_State"		
Kyt^E.f$)L,SĂ˝rie,,DamaĹˇek,,,"<img src=""ug-flag-syria.svg"" />","<div>Egypt (emblĂ©m mĂ­sto hvÄ›zd), IrĂˇk (text mĂ­sto hvÄ›zd), Jemen (bez hvÄ›zd)</div><div></div>","<img src=""ug-map-syria.png"" />","UG::Asia UG::Mediterranean UG::Middle_East UG::Sovereign_State"			
SChecFo(BR,Tchaj-wan,"<div>ÄŚĂˇsteÄŤnÄ› uznĂˇvanĂ˝ stĂˇt nĂˇrokovanĂ˝ ÄŚĂ­nou, znĂˇmĂ˝ tĂ©Ĺľ jako Taiwan</div>",Tchaj-pej,,,"<img src=""ug-flag-taiwan.svg"" />",,"<img src=""ug-map-taiwan.png"" />","UG::Asia UG::Sovereign_State"			
Mh6Kvouvx&,"SrĂ­ Lanka",,"Ĺ rĂ­ DĹľajavardanapura Kotte","<div>Kolombo bĂ˝vĂˇ oznaÄŤovĂˇno jako hlavnĂ­ mÄ›sto, ale Ĺ rĂ­ DĹľajavardanapura Kotte, pĹ™edmÄ›stĂ­ Kolomba, je oficiĂˇlnĂ­ a legislativnĂ­ hlavnĂ­ mÄ›sto.</div>",,"<img src=""ug-flag-sri_lanka.svg"" />",,"<img src=""ug-map-sri_lanka.png"" />","UG::Asia UG::Sovereign_State"			
MKl0CAl5_t,<div>TĂˇdĹľikistĂˇn<br></div>,,DuĹˇanbe,,,"<img src=""ug-flag-tajikistan.svg"" />",,"<img src=""ug-map-tajikistan.png"" />","UG::Asia UG::Sovereign_State"			
N(dU&Jp	=@,Thajsko,,Bangkok,,,"<img src=""ug-flag-thailand.svg"" />",,"<img src=""ug-map-thailand.png"" />","UG::Asia UG::Southeast_Asia UG::Sovereign_State"		
L?@:^(ot?v,"VĂ˝chodnĂ­ Timor","<div>ZnĂˇmĂ˝ tĂ©Ĺľ jako Timor Leste.</div>",Dili,,,"<img src=""ug-flag-east_timor.svg"" />",,"<img src=""ug-map-east_timor.png"" />","UG::Asia UG::Southeast_Asia UG::Sovereign_State"			
UKJ.S5t@~H,"SpojenĂ© arabskĂ© emirĂˇty",,"AbĂş ZabĂ­","ZnĂˇmĂ˝ tĂ©Ĺľ jako Abu Dhabi.",,"<img src=""ug-flag-united_arab_emirates.svg"" />",,"<img src=""ug-map-united_arab_emirates.png"" />","UG::Asia UG::Middle_East UG::Sovereign_State"			
0sGNpUMX&C,TurkmenistĂˇn,,AĹˇchabad,,,"<img src=""ug-flag-turkmenistan.svg"" />",,"<img src=""ug-map-turkmenistan.png"" />","UG::Asia UG::Sovereign_State"			
Kca$m=p:{B,Jemen,,San'Ăˇ,,,"<img src=""ug-flag-yemen.svg"" />","<div>Egypt (mĂˇ emblĂ©m), IrĂˇk (mĂˇ text), SĂ˝rie (mĂˇ dvÄ› hvÄ›zdy)</div><div></div>","<img src=""ug-map-yemen.png"" />","UG::Asia UG::Middle_East UG::Sovereign_State"			
V&x=ae9O>I,Vietnam,,Hanoj,,,"<img src=""ug-flag-vietnam.svg"" />",,"<img src=""ug-map-vietnam.png"" />","UG::Asia UG::Southeast_Asia UG::Sovereign_State"			
SM*`~]7}Nd,UzbekistĂˇn,,TaĹˇkent,,,"<img src=""ug-flag-uzbekistan.svg"" />",,"<img src=""ug-map-uzbekistan.png"" />","UG::Asia UG::Sovereign_State"			
M$I.-k0xZU,FidĹľi,,Suva,,,"<img src=""ug-flag-fiji.svg"" />",,"<img src=""ug-map-fiji.png"" />","UG::Oceania UG::Sovereign_State"			
RS_,.e+!7&,"Papua NovĂˇ Guinea",,"Port Moresby",,,"<img src=""ug-flag-papua_new_guinea.svg"" />",,"<img src=""ug-map-papua_new_guinea.png"" />","UG::Oceania UG::Sovereign_State"			
Q}H<>}UA~G,AustrĂˇlie,,Canberra,,,"<img src=""ug-flag-australia.svg"" />","<div>NovĂ˝ ZĂ©land (ÄŤervenĂ© hvÄ›zdy, o dvÄ› hvÄ›zdy mĂ©nÄ›)</div><div></div>","<img src=""ug-map-australia.png"" />","UG::Oceania UG::Sovereign_State"			
XzRx_l&[g$,"Ĺ alomounovy ostrovy",,Honiara,,,"<img src=""ug-flag-solomon_islands.svg"" />",,"<img src=""ug-map-solomon_islands.png"" />","UG::Oceania UG::Sovereign_State"			
TmzP]_&/-R,Argentina,,"Buenos Aires",,,"<img src=""ug-flag-argentina.svg"" />",,"<img src=""ug-map-argentina.png"" />","UG::South_America UG::Sovereign_State"			
QS$K$RCyX4,BolĂ­vie,,Sucre,"<div>ZatĂ­mco Sucre je hlavnĂ­ mÄ›sto dle Ăşstavy, La Paz je sĂ­dlem vlĂˇdy.</div><div></div>",,"<img src=""ug-flag-bolivia-blur.png"" /><img src=""ug-flag-bolivia.png"" />","Ghana (hvÄ›zda mĂ­sto erbu)","<img src=""ug-map-bolivia.png"" />","UG::South_America UG::Sovereign_State"			
Y0.ZC/.~ge,BrazĂ­lie,,BrasĂ­lia,,,"<img src=""ug-flag-brazil.svg"" />",,"<img src=""ug-map-brazil.png"" />","UG::South_America UG::Sovereign_State"			
WgDC%/RG	p,Chile,,"Santiago de Chile",,,"<img src=""ug-flag-chile.svg"" />",,"<img src=""ug-map-chile.png"" />","UG::South_America UG::Sovereign_State"		
NZ+LkIK^yx,Kolumbie,,BogotĂˇ,,,"<img src=""ug-flag-colombia.svg"" />","<div>EkvĂˇdor (s erbem)</div><div></div>","<img src=""ug-map-colombia.png"" />","UG::South_America UG::Sovereign_State"			
RX?5g8gky6,EkvĂˇdor,,Quito,,,"<img src=""ug-flag-ecuador.png"" />","<div>Kolumbie (bez erbu)</div>","<img src=""ug-map-ecuador.png"" />","UG::South_America UG::Sovereign_State"			
Wv`9DKhwUf,Guyana,,Georgetown,,,"<img src=""ug-flag-guyana.svg"" />",,"<img src=""ug-map-guyana.png"" />","UG::South_America UG::Sovereign_State"			
YjvLF(ie[w,Paraguay,,AsunciĂłn,,,"<img src=""ug-flag-paraguay-blur.svg"" /><img src=""ug-flag-paraguay.svg"" />",,"<img src=""ug-map-paraguay.png"" />","UG::South_America UG::Sovereign_State"			
P$OBxuxO`|,Peru,,Lima,,,"<img src=""ug-flag-peru.png"" />",,"<img src=""ug-map-peru.png"" />","UG::South_America UG::Sovereign_State"			
QZ,n`,7*.?,Surinam,,Paramaribo,,,"<img src=""ug-flag-suriname.svg"" />",,"<img src=""ug-map-suriname.png"" />","UG::South_America UG::Sovereign_State"			
KAR,|-LhMw,Uruguay,,Montevideo,,,"<img src=""ug-flag-uruguay.svg"" />",,"<img src=""ug-map-uruguay.png"" />","UG::South_America UG::Sovereign_State"			
Ujm?J5D<Cn,Venezuela,,Caracas,,,"<img src=""ug-flag-venezuela.png"" />",,"<img src=""ug-map-venezuela.png"" />","UG::South_America UG::Sovereign_State"			
Yc(AW!A$:=,"Cookovy ostrovy",,Avarua,,,"<img src=""ug-flag-cook_islands.svg"" />",,"<img src=""ug-map-cook_islands.png"" />","UG::Oceania UG::Sovereign_State"			
Q~D)Ek1dh?,"FederativnĂ­ stĂˇty MikronĂ©sie",,Palikir,,,"<img src=""ug-flag-federated_states_of_micronesia.svg"" />",,"<img src=""ug-map-federated_states_of_micronesia.png"" />","UG::Oceania UG::Sovereign_State"			
J_#c6UH%_j,Guam,"<div>NezaÄŤlenÄ›nĂ© ĂşzemĂ­ SpojenĂ˝ch stĂˇtĹŻ americkĂ˝ch.</div><div></div>",HagĂĄtĂ±a,,,"<img src=""ug-flag-guam-blur.svg"" /><img src=""ug-flag-guam.svg"" />",,"<img src=""ug-map-guam.png"" />",UG::Oceania			
+(aEx,b$E,Vanuatu,,"Port Vila",,,"<img src=""ug-flag-vanuatu.svg"" />",,"<img src=""ug-map-vanuatu.png"" />","UG::Oceania UG::Sovereign_State"			
KASyUM1nI%,Kanada,,Ottawa,,,"<img src=""ug-flag-canada.svg"" />",,"<img src=""ug-map-canada.png"" />","UG::North_America UG::Sovereign_State"			
HB:CU	Lx{4,"SpojenĂ© stĂˇty americkĂ©",,"Washington, D.C.",,,"<img src=""ug-flag-united_states_of_america.svg"" />",,"<img src=""ug-map-united_states_of_america.png"" />","UG::North_America UG::Sovereign_State"		
Y8<:pkK$6?,Mexiko,,"Ciudad de MĂ©xico",,,"<img src=""ug-flag-mexico.png"" />",,"<img src=""ug-map-mexico.png"" />","UG::North_America UG::Sovereign_State"			
ZbL|UYY.wh,Portoriko,"<div>NezaÄŤlenÄ›nĂ© ĂşzemĂ­ SpojenĂ˝ch stĂˇtĹŻ americkĂ˝ch.</div>","San Juan",,,"<img src=""ug-flag-puerto_rico.svg"" />","<div>Kuba (ÄŤervenĂˇ Ĺˇipka, modrĂ© pruhy)</div><div></div>","<img src=""ug-map-puerto_rico.png"" />","UG::Caribbean UG::North_America"			
X=PVuvWe.K,Kuba,,Havana,,,"<img src=""ug-flag-cuba.svg"" />","Puerto Rico (modrĂˇ Ĺˇipka, ÄŤervenĂ© pruhy)","<img src=""ug-map-cuba.png"" />","UG::Caribbean UG::North_America UG::Sovereign_State"			
R#8++7O*z?,"DominikĂˇnskĂˇ republika",,"Santo Domingo",,,"<img src=""ug-flag-dominican_republic.png"" />",,"<img src=""ug-map-dominican_republic.png"" />","UG::Caribbean UG::North_America UG::Sovereign_State"			
N|u^,8kZM_,Haiti,,Port-au-Prince,,,"<img src=""ug-flag-haiti.svg"" />",,"<img src=""ug-map-haiti.png"" />","UG::Caribbean UG::North_America UG::Sovereign_State"			
NmGzkbeHT0,Jamajka,,Kingston,,,"<img src=""ug-flag-jamaica.svg"" />",,"<img src=""ug-map-jamaica.png"" />","UG::Caribbean UG::North_America UG::Sovereign_State"			
Zd}9,w9$fE,"Trinidad a Tobago",,"Port of Spain",,,"<img src=""ug-flag-trinidad_and_tobago.svg"" />",,"<img src=""ug-map-trinidad_and_tobago.png"" />","UG::Caribbean UG::North_America UG::Sovereign_State"			
M$%?<c:m/D,Bermuda,"<div>ZĂˇmoĹ™skĂ© ĂşzemĂ­ VelkĂ© BritĂˇnie.</div><div></div>",,,,,,"<img src=""ug-map-bermuda.png"" />","UG::Caribbean UG::North_America"			
Z[Y%l,smrj,Guadeloupe,"ZĂˇmoĹ™skĂ˝ department Francie.",,,,,,"<img src=""ug-map-guadeloupe.png"" />","UG::Caribbean UG::North_America"			
[3>~9>|A_,Bahamy,,Nassau,,,"<img src=""ug-flag-the_bahamas.svg"" />",,"<img src=""ug-map-the_bahamas.png"" />","UG::Caribbean UG::North_America UG::Sovereign_State"			
KHPgsNzBNX,Barbados,,Bridgetown,,,"<img src=""ug-flag-barbados.svg"" />",,"<img src=""ug-map-barbados.png"" />","UG::Caribbean UG::North_America UG::Sovereign_State"			
ZNYPr(d3#_,Belize,,Belmopan,,,"<img src=""ug-flag-belize.png"" />",,"<img src=""ug-map-belize.png"" />","UG::North_America UG::Sovereign_State"			
0+p>$RL<r4,Kostarika,,"San JosĂ©",,,"<img src=""ug-flag-costa_rica.png"" />",,"<img src=""ug-map-costa_rica.png"" />","UG::North_America UG::Sovereign_State"			
Qk~FvF&x7!,Salvador,,"San Salvador",,,"<img src=""ug-flag-el_salvador-blur.png"" /><img src=""ug-flag-el_salvador.png"" />","Nicaragua (jinĂ˝ erb, mĂ­rnÄ› svÄ›tlejĹˇĂ­ modrĂˇ)","<img src=""ug-map-el_salvador.png"" />","UG::North_America UG::Sovereign_State"			
J]|E::%azF,Guatemala,,"Ciudad de Guatemala",,,"<img src=""ug-flag-guatemala.png"" />",,"<img src=""ug-map-guatemala.png"" />","UG::North_America UG::Sovereign_State"			
ZFSpcG/g.&,Honduras,,Tegucigalpa,,,"<img src=""ug-flag-honduras.svg"" />",,"<img src=""ug-map-honduras.png"" />","UG::North_America UG::Sovereign_State"			
Wy7C/R}9i%,Nicaragua,,Managua,,,"<img src=""ug-flag-nicaragua-blur.svg"" /><img src=""ug-flag-nicaragua.svg"" />","Salvador (jinĂ˝ erb, mĂ­rnÄ› tmavĹˇĂ­ modrĂˇ)","<img src=""ug-map-nicaragua.png"" />","UG::North_America UG::Sovereign_State"			
10<[H}2-p?,Panama,,PanamĂˇ,,,"<img src=""ug-flag-panama.svg"" />",,"<img src=""ug-map-panama.png"" />","UG::North_America UG::Sovereign_State"			
Sa)I~<T+fu,"Antigua a Barbuda",,"Saint John's",,,"<img src=""ug-flag-antigua_and_barbuda.svg"" />",,"<img src=""ug-map-antigua_and_barbuda.png"" />","UG::Caribbean UG::North_America UG::Sovereign_State"			
QJculOhh|r,Dominika,,Roseau,,,"<img src=""ug-flag-dominica.svg"" />",,"<img src=""ug-map-dominica.png"" />","UG::Caribbean UG::North_America UG::Sovereign_State"			
1LuVvsOanJ,"SvatĂ˝ Vincenc a Grenadiny",,Kingstown,,,"<img src=""ug-flag-saint_vincent_and_the_grenadines.svg"" />",,"<img src=""ug-map-saint_vincent_and_the_grenadines.png"" />","UG::Caribbean UG::North_America UG::Sovereign_State"			
Irdnj<(7WS,SomĂˇlsko,,MogadiĹˇo,,,"<img src=""ug-flag-somalia.svg"" />",,"<img src=""ug-map-somalia.png"" />","UG::Africa UG::East_Africa UG::Sovereign_State"			
M0CS=x7{1k,Zanzibar,"<div>ÄŚĂˇsteÄŤnÄ› autonomnĂ­ region Tanzanie.</div><div></div>",,,,,,"<img src=""ug-map-zanzibar.png"" />",UG::Africa			
M8vwwFgxA8,Ghana,,Accra,,,"<img src=""ug-flag-ghana.svg"" />","<div>BolĂ­vie (erb mĂ­sto hvÄ›zdy)</div><div></div>","<img src=""ug-map-ghana.png"" />","UG::Africa UG::Sovereign_State UG::West_Africa"			
XDp,lFjh~J,Guinea,,Conakry,,,"<img src=""ug-flag-guinea.svg"" />","<div>Mali (prohozenĂˇ ÄŤervenĂˇ a zelenĂˇ, mĂ­rnÄ› svÄ›tlejĹˇĂ­ zelenĂˇ)</div><div></div>","<img src=""ug-map-guinea.png"" />","UG::Africa UG::Sovereign_State UG::West_Africa"			
lW|/9tbD(,"NovĂ˝ ZĂ©land",,Wellington,,,"<img src=""ug-flag-new_zealand.svg"" />","AustrĂˇlie (bĂ­lĂ© hvÄ›zdy, o dvÄ› hvÄ›zdy vĂ­ce)","<img src=""ug-map-new_zealand.png"" />","UG::Oceania UG::Sovereign_State"			
R+EaAx5t?G,"FrancouzskĂˇ PolynĂ©sie","<div>ZĂˇmoĹ™skĂ© ĂşzemĂ­ Francie.</div>",Papeete,,,"<img src=""ug-flag-french_polynesia.svg"" />",,"<img src=""ug-map-french_polynesia.png"" />",UG::Oceania			
W8lzc6iL)#,FilipĂ­ny,,Manila,,,"<img src=""ug-flag-philippines.svg"" />",,"<img src=""ug-map-philippines.png"" />","UG::Asia UG::Southeast_Asia UG::Sovereign_State"			
RTMWfU2Sz3,Kosovo,"<div>ÄŚĂˇsteÄŤnÄ› uznĂˇvanĂ˝ stĂˇt nĂˇrokovĂˇnĂ˝ Srbskem.</div><div></div>",PriĹˇtina,,,"<img src=""ug-flag-kosovo.svg"" />",,"<img src=""ug-map-kosovo.png"" />","UG::Europe UG::Sovereign_State"			
P2:a5j)JwF,Libye,,Tripolis,,,"<img src=""ug-flag-libya.svg"" />",,"<img src=""ug-map-libya.png"" />","UG::Africa UG::Mediterranean UG::Sovereign_State"			
XA(k1KqLY.,Palau,,Ngerulmud,,,"<img src=""ug-flag-palau.svg"" />",,"<img src=""ug-map-palau.png"" />","UG::Oceania UG::Sovereign_State"			
RPSEcR01(!,"SvatĂˇ Lucie",,Castries,,,"<img src=""ug-flag-saint_lucia.svg"" />",,"<img src=""ug-map-saint_lucia.png"" />","UG::Caribbean UG::North_America UG::Sovereign_State"			
/|o@V#Ma`,Bali,"<div>IndonĂ©skĂ˝ ostrov.</div><div></div>",,,,,,"<img src=""ug-map-bali.png"" />",UG::Asia			
Lp/<{tg`NM,Grenada,,"Saint George's",,,"<img src=""ug-flag-grenada.svg"" />",,"<img src=""ug-map-grenada.png"" />","UG::Caribbean UG::North_America UG::Sovereign_State"			
WCJfePln	d,"BritskĂ© PanenskĂ© ostrovy","ZĂˇmoĹ™skĂ© ĂşzemĂ­ VelkĂ© BritĂˇnie.",,,,,,"<img src=""ug-map-british_virgin_islands.png"" />","UG::Caribbean UG::North_America"		
WfOZ*1-5#D,"Turks a Caicos","ZĂˇmoĹ™skĂ© ĂşzemĂ­ VelkĂ© BritĂˇnie.",,,,,,"<img src=""ug-map-turks_and_caicos_islands.png"" />","UG::Caribbean UG::North_America"			
17Nb`nw_9%,"KajmanskĂ© ostrovy","ZĂˇmoĹ™skĂ© ĂşzemĂ­ VelkĂ© BritĂˇnie.",,,,,,"<img src=""ug-map-cayman_islands.png"" />","UG::Caribbean UG::North_America"			
Kx`w>09!VB,Anguilla,"<div>ZĂˇmoĹ™skĂ© ĂşzemĂ­ VelkĂ© BritĂˇnie s autonomnĂ­ sprĂˇvou.</div><div></div>",,,,,,"<img src=""ug-map-anguilla.png"" />","UG::Caribbean UG::North_America"			
Py/rV640zj,Azory,"<div>AutonomnĂ­ ĂşzemĂ­ Portugalska.</div>",,,,,,"<img src=""ug-map-azores.png"" />",UG::Europe			
ULgf#-!jzl,CuraĂ§ao,"KonstituÄŤnĂ­ zemÄ› NizozemskĂ©ho krĂˇlovstvĂ­.",Willemstad,,,"<img src=""ug-flag-curacao.svg"" />","Nauru (jen jedna hvÄ›zda pod ĹľlutĂ˝m pruhem)","<img src=""ug-map-curacao.png"" />","UG::Caribbean UG::North_America"			
HE[2vgVMZz,"FrancouzskĂˇ Guyana","<div>ZĂˇmoĹ™skĂ˝ department Francie.</div><div></div>",,,,,,"<img src=""ug-map-french_guiana.png"" />",UG::South_America			
UGGv<]xrwy,Gibraltar,"<div><div>ZĂˇmoĹ™skĂ© ĂşzemĂ­			
VelkĂ© BritĂˇnie.</div></div>",,,,,,"<img src=""ug-map-gibraltar.png"" />","UG::Europe UG::Mediterranean"			
V!n*&r&e1.,Guernsey,"<div>BritskĂ© korunnĂ­ zĂˇvislĂ© ĂşzemĂ­.</div><div></div>",,,,,,"<img src=""ug-map-guernsey.png"" />",UG::Europe			
I^cTa,CZ6V,"Man (ostrov)","BritskĂ© korunnĂ­ zĂˇvislĂ© ĂşzemĂ­.",,,,,,"<img src=""ug-map-isle_of_man.png"" />",UG::Europe			
Sp={Bsh4p],Jersey,"BritskĂ© korunnĂ­ zĂˇvislĂ© ĂşzemĂ­.",,,,,,"<img src=""ug-map-jersey.png"" />",UG::Europe			
Y`!6QnP}Zo,Kiribati,,Tarawa,,,"<img src=""ug-flag-kiribati.svg"" />",,"<img src=""ug-map-kiribati.png"" />","UG::Oceania UG::Sovereign_State"			
S1og]MREfa,Macao,"<div>ZvlĂˇĹˇtnĂ­ administrativnĂ­ oblast ÄŚĂ­ny.</div><div></div>",,,,"<img src=""ug-flag-macau.svg"" />",,"<img src=""ug-map-macau.png"" />",UG::Asia			
NJWYP+DN!^,Madeira,"<div>AutonomnĂ­ region Portugalska.</div><div></div>",,,,,,"<img src=""ug-map-madeira.png"" />",UG::Europe			
K[xRwLyY*q,"Marshallovy ostrov",,Majuro,,,"<img src=""ug-flag-marshall_islands.svg"" />",,"<img src=""ug-map-marshall_islands.png"" />","UG::Oceania UG::Sovereign_State"			
1(C[9AWeR(,Nauru,,Yaren,"<div>Nauru nemĂˇ ĹľĂˇdnĂ© oficiĂˇlnĂ­ hlavnĂ­ mÄ›sto, okres Yaren je de facto hlavnĂ­ mÄ›sto.</div><div></div>",,"<img src=""ug-flag-nauru.svg"" />","CuraĂ§ao (dvÄ› hvÄ›zdy v levĂ©m hornĂ­m rohu)","<img src=""ug-map-nauru.png"" />","UG::Oceania UG::Sovereign_State"			
ZUmMHDj:8E,"NovĂˇ Kaledonie","<div>ZĂˇmoĹ™skĂ© ĂşzemĂ­ Francie.</div><div></div>",NoumĂ©a,,,"<img src=""ug-flag-new_caledonia.svg"" />",,"<img src=""ug-map-new_caledonia.png"" />",UG::Oceania			
Q`DSKsDqa,,Niue,,Alofi,,,"<img src=""ug-flag-niue.svg"" />",,"<img src=""ug-map-niue.png"" />","UG::Oceania UG::Sovereign_State"			
Xu$IoFj,*-,"SevernĂ­ Kypr","<div>StĂˇt uznĂˇvanĂ˝ pouze Tureckem a nĂˇrokovanĂ˝ Kyprem.</div><div></div>","SevernĂ­ NikĂłsie",,,"<img src=""ug-flag-northern_cyprus.svg"" />",,"<img src=""ug-map-northern_cyprus.png"" />","UG::Asia UG::Mediterranean UG::Middle_East UG::Sovereign_State"			
HCna]{2j=I,"SvatĂ˝ KryĹˇtof a Nevis",,Basseterre,,,"<img src=""ug-flag-saint_kitts_and_nevis.svg"" />",,"<img src=""ug-map-saint_kitts_and_nevis.png"" />","UG::Caribbean UG::North_America UG::Sovereign_State"			
W6,[g+6SJM,Samoa,,Apia,,,"<img src=""ug-flag-samoa.svg"" />",,"<img src=""ug-map-samoa.png"" />","UG::Oceania UG::Sovereign_State"			
P`yjDa529&,Somaliland,"<div>VzĂˇcnÄ› oznaÄŤovanĂ˝ jako SomĂˇlijsko, nezĂˇvislĂ˝ stĂˇt nĂˇrokovanĂ˝ SomĂˇlskem.</div>",Hargeysa,,,"<img src=""ug-flag-somaliland.svg"" />",,"<img src=""ug-map-somaliland.png"" />","UG::Africa UG::East_Africa UG::Sovereign_State"			
RmjfFi9P-D,"JiĹľnĂ­ SĂşdĂˇn",,"DĹľuba (mÄ›sto)",,,"<img src=""ug-flag-south_sudan.svg"" />",,"<img src=""ug-map-south_sudan.png"" />","UG::Africa UG::East_Africa UG::Sovereign_State"			
JPyh~ppyh8,Tuvalu,,Funafuti,,,"<img src=""ug-flag-tuvalu.svg"" />",,"<img src=""ug-map-tuvalu.png"" />","UG::Oceania UG::Sovereign_State"			
Q(iTH$-.]f,"AmerickĂ© PanenskĂ© ostrovy","<div>NezaÄŤlenÄ›nĂ© ĂşzemĂ­ SpojenĂ˝ch stĂˇtĹŻ americkĂ˝ch.</div>","Charlotte Amalie",,,"<img src=""ug-flag-united_states_virgin_islands.svg"" />",,"<img src=""ug-map-united_states_virgin_islands.png"" />","UG::Caribbean UG::North_America"			
JGG$&}tMAw,Alandy,"<div>AutonomnĂ­ region Finska.</div><div></div>",Mariehamn,,,"<img src=""ug-flag-aland_islands.svg"" />",,"<img src=""ug-map-aland_islands.png"" />",UG::Europe			
VD4g-	TI5p,"JiĹľnĂ­ Osetie","<div>NezĂˇvislĂ˝ stĂˇt nĂˇrokovanĂ˝ GruziĂ­.</div><div></div>",Cchinvali,,,"<img src=""ug-flag-south_ossetia.svg"" />",,"<img src=""ug-map-south_ossetia.png"" />","UG::Asia UG::Sovereign_State"		
TT-]C[&hW/,"AmerickĂˇ Samoa","<div>NezaÄŤlenÄ›nĂ© ĂşzemĂ­ SpojenĂ˝ch stĂˇtĹŻ americkĂ˝ch.</div><div></div>",,,,,,"<img src=""ug-map-american_samoa.png"" />",UG::Oceania			
VJ>L_cd:nQ,"SevernĂ­ Mariany","<div>NezaÄŤlenÄ›nĂ© ĂşzemĂ­ SpojenĂ˝ch stĂˇtĹŻ americkĂ˝ch.</div><div></div>",,,,,,"<img src=""ug-map-northern_mariana_islands.png"" />",UG::Oceania			
06~QD?).>(,Aruba,"<div>KonstituÄŤnĂ­ zemÄ› NizozemskĂ©ho krĂˇlovstvĂ­.</div><div></div>",Oranjestad,,,"<img src=""ug-flag-aruba.svg"" />",,"<img src=""ug-map-aruba.png"" />","UG::Caribbean UG::North_America"			
Y?7sfPt)!u,AbchĂˇzie,"<div>NezĂˇvislĂ˝ stĂˇt nĂˇrokovĂˇnĂ˝ GruziĂ­.</div>",Suchumi,,,"<img src=""ug-flag-abkhazia.svg"" />",,"<img src=""ug-map-abkhazia.png"" />","UG::Europe UG::Sovereign_State"			
HY(.8iAtoS,"SvatĂ˝ Martin (nizozemskĂˇ ÄŤĂˇst)","<div>KonstituÄŤnĂ­ zemÄ› NizozemskĂ©ho krĂˇlovstvĂ­.</div><div></div>",,,,,,"<img src=""ug-map-sint_maarten.png"" />","UG::Caribbean UG::North_America"			
K9v>_j2fJf,"Republika Arcach","<div>NezĂˇvislĂ˝ stĂˇt nĂˇrokovanĂ˝ ĂzerbĂˇjdĹľĂˇnem, dĹ™Ă­ve znĂˇmĂ˝ jako NĂˇhornÄ›-karabaĹˇskĂˇ republika.</div><div></div>",Ĺ tÄ›panakert,,,"<img src=""ug-flag-republic_of_artsakh.svg"" />",,"<img src=""ug-map-republic_of_artsakh.png"" />","UG::Asia UG::Sovereign_State"			
IErKB7c:~1,Tonga,,NukuĘ»alofa,,,"<img src=""ug-flag-tonga.svg"" />",,"<img src=""ug-map-tonga.png"" />","UG::Oceania UG::Sovereign_State"			
Z::4y<YJ!%,PodnÄ›stĹ™Ă­,"<div>NezĂˇvislĂ˝ stĂˇt nĂˇrokovanĂ˝ Moldavskem.</div><div></div>",Tiraspol,,,"<img src=""ug-flag-transnistria.svg"" />",,"<img src=""ug-map-transnistria.png"" />","UG::Europe UG::Sovereign_State"			
P.,&nCH*$b,Sardinie,"<div>AutonomnĂ­ region ItĂˇlie.</div><div></div>",,,,,,"<img src=""ug-map-sardinia.png"" />",UG::Europe			
J%vP2#a*-o,"KaliningradskĂˇ oblast","<div>ExklĂˇva RuskĂ© federace.</div><div></div>",,,,,,"<img src=""ug-map-kaliningrad_oblast.png"" />",UG::Europe			
0wI6OdV@KV,Martinik,"ZĂˇmoĹ™skĂ˝ department Francie.",,,,,,"<img src=""ug-map-martinique.png"" />","UG::Caribbean UG::North_America"			
M&3/MOleQ!,JĂˇva,"<div>IndonĂ©skĂ˝ ostrov.</div><div></div>",,,,,,"<img src=""ug-map-java.png"" />",UG::Asia			
5~%.p0+$.,Korsika,"<div>Region Francie.</div>",,,,,,"<img src=""ug-map-corsica.png"" />",UG::Europe			
73!3|4{)sn,"EvropskĂˇ unie",,Brusel,"<div>Brusel je sĂ­dlem vĂ˝konnĂ© moci, ale EvropskĂˇ unie mĂˇ instituce v jinĂ˝ch evropskĂ˝ch mÄ›stech.</div><div></div>","<div>NejednĂˇ se o suverĂ©nnĂ­ stĂˇt.</div>","<img src=""ug-flag-european_union.svg"" />",,"<img src=""ug-map-european_union.png"" />",UG::Europe			
(<[vR{J6f?,"MexickĂ˝ zĂˇliv",,,,,,,"<img src=""ug-map-gulf_of_mexico.png"" />",UG::Oceans+Seas			
$uEF8dOKNM,"FilipĂ­nskĂ© moĹ™e",,,,,,,"<img src=""ug-map-philippine_sea.png"" />",UG::Oceans+Seas			
*=)cxKJ(IQ,"JiĹľnĂ­ oceĂˇn","ZvanĂ˝ tĂ©Ĺľ JiĹľnĂ­ ledovĂ˝ oceĂˇn nebo AntarktickĂ˝ oceĂˇn.",,,,,,"<img src=""ug-map-southern_ocean-nobox.png"" />",UG::Oceans+Seas			
X@YPRc~G~m,"ThajskĂ˝ zĂˇliv","<div>ZnĂˇmĂ˝ tĂ©Ĺľ jako ZĂˇliv Siam.</div><div></div>",,,,,,"<img src=""ug-map-gulf_of_thailand.png"" />",UG::Oceans+Seas			
I6q	nbtI:O,MikronĂ©sie,"<div>Subregion OceĂˇnie zahrnjĂ­cĂ­ tisĂ­ce malĂ˝ch ostrovĹŻ v zĂˇpadnĂ­m Pacifiku.</div><div></div>",,,,,,"<img src=""ug-map-micronesia.png"" />",UG::Oceania		
LpaBnN)P]0,"TichĂ˝ oceĂˇn","ZnĂˇmĂ˝ tĂ©Ĺľ jako Pacifik.",,,,,,"<img src=""ug-map-pacific_ocean-nobox.png"" />",UG::Oceans+Seas			
T5]gxziQ0L,"AtlantskĂ˝ oceĂˇn",,,,,,,"<img src=""ug-map-atlantic_ocean-nobox.png"" />",UG::Oceans+Seas			
L[i75/hwbf,"IndickĂ˝ oceĂˇn",,,,,,,"<img src=""ug-map-indian_ocean-nobox.png"" />",UG::Oceans+Seas			
M*e@TK.wFZ,"SevernĂ­ ledovĂ˝ oceĂˇn",,,,,,,"<img src=""ug-map-arctic_ocean-nobox.png"" />",UG::Oceans+Seas			
Y:}*MY|(Q0,"HudsonĹŻv zĂˇliv",,,,,,,"<img src=""ug-map-hudson_bay.png"" />",UG::Oceans+Seas			
JW]fS#G}Ec,"LabradorskĂ© moĹ™e",,,,,,,"<img src=""ug-map-labrador_sea.png"" />",UG::Oceans+Seas			
I(<Evi.L?F,"BĂ­lĂ© moĹ™e",,,,,,,"<img src=""ug-map-white_sea.png"" />",UG::Oceans+Seas			
K	jEh-(3(K,"DĂˇnskĂ˝ prĹŻliv",,,,,,,"<img src=""ug-map-denmark_strait.png"" />",UG::Oceans+Seas		
R0BP8dVq8*,"NorskĂ© moĹ™e",,,,,,,"<img src=""ug-map-norwegian_sea.png"" />",UG::Oceans+Seas			
K0640t)(=T,"BaltskĂ© moĹ™e",,,,,,,"<img src=""ug-map-baltic_sea.png"" />",UG::Oceans+Seas			
!b5pZnve9_,"KeltskĂ© moĹ™e",,,,,,,"<img src=""ug-map-celtic_sea.png"" />",UG::Oceans+Seas			
W~>bATe=<f,"LamanĹˇskĂ˝ prĹŻliv",,,,,,,"<img src=""ug-map-english_channel.png"" />",UG::Oceans+Seas			
4`v4jWMa/[,"JaderskĂ© moĹ™e",,,,,,,"<img src=""ug-map-adriatic_sea.png"" />",UG::Oceans+Seas			
%pNCJ)oDq<,"BiskajskĂ˝ zĂˇliv",,,,,,,"<img src=""ug-map-bay_of_biscay.png"" />",UG::Oceans+Seas			
KFwOw?Sdbd,"ÄŚernĂ© moĹ™e",,,,,,,"<img src=""ug-map-black_sea.png"" />",UG::Oceans+Seas			
O$sgyWIWlp,"EgejskĂ© moĹ™e",,,,,,,"<img src=""ug-map-aegean_sea.png"" />",UG::Oceans+Seas			
5@ND*y@vY<,BalkĂˇn,,,,,,,"<img src=""ug-map-balkan_peninsula.png"" />",UG::Europe			
3aOck{9#aO,"KaspickĂ© moĹ™e",,,,,,,"<img src=""ug-map-caspian_sea.png"" />",UG::Oceans+Seas			
$Yw1Z@m]c3,"StĹ™edozemnĂ­ moĹ™e",,,,,,,"<img src=""ug-map-mediterranean_sea.png"" />",UG::Oceans+Seas			
M?^|?V+g<N,"VĂ˝chodosibiĹ™skĂ© moĹ™e",,,,,,,"<img src=""ug-map-east_siberian_sea.png"" />",UG::Oceans+Seas			
(lrQr31T(%,"BeringĹŻv prĹŻliv",,,,,,,"<img src=""ug-map-bering_strait.png"" />",UG::Oceans+Seas			
XnSh#d5K|A,"ArabskĂ© moĹ™e",,,,,,,"<img src=""ug-map-arabian_sea.png"" />",UG::Oceans+Seas			
C@C%qRh7e,"RudĂ© moĹ™e",,,,,,,"<img src=""ug-map-red_sea.png"" />",UG::Oceans+Seas			
7v8xmg<vr(,"MrtvĂ© moĹ™e",,,,,,,"<img src=""ug-map-dead_sea.png"" />",UG::Oceans+Seas			
5vpO^4lHT1,"BengĂˇlskĂ˝ zĂˇliv",,,,,,,"<img src=""ug-map-bay_of_bengal.png"" />",UG::Oceans+Seas			
JJ?vn$S{*6,"JaponskĂ© moĹ™e","<div>Existuje spor o nĂˇzvu mezi hraniÄŤnĂ­mi zemÄ›mi, zejmĂ©na JiĹľnĂ­ Korea podporuje nĂˇzev VĂ˝chodnĂ­ moĹ™e.</div>",,,,,,"<img src=""ug-map-sea_of_japan.png"" />",UG::Oceans+Seas			
*d:~&3(ccG,"Ĺ˝lutĂ© moĹ™e",,,,,,,"<img src=""ug-map-yellow_sea.png"" />",UG::Oceans+Seas			
YI.mZ:p?N{,"KorĂˇlovĂ© moĹ™e",,,,,,,"<img src=""ug-map-coral_sea.png"" />",UG::Oceans+Seas			
Zk9~z_=pyu,"JihoÄŤĂ­nskĂ© moĹ™e",,,,,,,"<img src=""ug-map-south_china_sea.png"" />",UG::Oceans+Seas			
K+-A%	9LRn,"Tasmanovo moĹ™e",,,,,,,"<img src=""ug-map-tasman_sea.png"" />",UG::Oceans+Seas		
V>0`!h%@MG,"CarpentarskĂ˝ zĂˇliv",,,,,,,"<img src=""ug-map-gulf_of_carpentaria.png"" />",UG::Oceans+Seas			
WT6u1Y:Td<,"AralskĂ© jezero","DĹ™Ă­ve zvanĂ© AralskĂ© moĹ™e.",,,,,,"<img src=""ug-map-aral_sea.png"" />",UG::Oceans+Seas			
+kMNXwS^dZ,"PerskĂ˝ zĂˇliv",,,,,,,"<img src=""ug-map-persian_gulf.png"" />",UG::Oceans+Seas			
P{!CfG0Z7l,"KaribskĂ© moĹ™e",,,,,,,"<img src=""ug-map-caribbean_sea.png"" />",UG::Oceans+Seas			
=jN!`Q18C,"KalifornskĂ˝ zĂˇliv","<div>ZnĂˇmĂ˝ tĂ©Ĺľ jako CortĂ©zovo moĹ™e.</div>",,,,,,"<img src=""ug-map-gulf_of_california.png"" />",UG::Oceans+Seas			
JdXg!8co/t,PolynĂ©sie,"<div>Subregion OceĂˇnie zahrnujĂ­cĂ­ tisĂ­ce malĂ˝ch ostrovĹŻ ve stĹ™ednĂ­m a jiĹľnĂ­m Pacifiku.</div><div></div>",,,,,,"<img src=""ug-map-polynesia.png"" />",UG::Oceania			
UhH8/578@A,MelanĂ©sie,"<div>Subregion OceĂˇnie zahrnujĂ­cĂ­ Vanuatu, Ĺ alomounovy ostrovy, FidĹľi a Papua Novou Guineu.</div><div></div>",,,,,,"<img src=""ug-map-melanesia.png"" />",UG::Oceania			
%PiP:MyC0U,SkandinĂˇvie,"<div>HistorickĂˇ, kulturnĂ­ a etnolingvistickĂˇ oblast v severnĂ­ EvropÄ›, kterĂˇ zahrnuje krĂˇlovstvĂ­ dĂˇnskĂ©, ĹˇvĂ©dskĂ© a norskĂ©, nÄ›kdy i Finsko a Island.</div>",,,,,,"<img src=""ug-map-scandinavia.png"" />",UG::Europe			
/@1l{W&IN,,"GalilejskĂ© jezero",,,,,,,"<img src=""ug-map-sea_of_galilee.png"" />",UG::Oceans+Seas			
IVie.2,h-],Sumatra,"<div>Ostrov IndonĂ©sie.</div><div></div>",,,,,,"<img src=""ug-map-sumatra.png"" />",UG::Asia			
THHZZ(|sbv,SicĂ­lie,"<div>AutonomnĂ­ region ItĂˇlie.</div>",,,,,,"<img src=""ug-map-sicily.png"" />",UG::Europe			
312-@IAq%N,Mayotte,"<div><div>ZĂˇmoĹ™skĂ˝			
department Francie.</div></div><div></div>",,,,,,"<img src=""ug-map-mayotte.png"" />","UG::Africa UG::East_Africa"			
12YlgfcElt,RĂ©union,"<div><div>ZĂˇmoĹ™skĂ˝			
department Francie.</div></div><div></div>",,,,,,"<img src=""ug-map-reunion.png"" />","UG::Africa UG::East_Africa"			
X9QfsX*,),Falklandy,"<div>ZĂˇmoĹ™skĂ© ĂşzemĂ­ VelkĂ© BritĂˇnie.<br></div><div></div>",,,,,,"<img src=""ug-map-falkland_islands.png"" />",UG::South_America			
U^u-D~O4Xp,Evropa,,,,,,,"<img src=""ug-map-europe-nobox.png"" />",UG::Continents			
H&A?`NeC?b,"SevernĂ­ Amerika",,,,,,,"<img src=""ug-map-north_america-nobox.png"" />",UG::Continents			
*ZWqU%4^00,"JiĹľnĂ­ Amerika",,,,,,,"<img src=""ug-map-south_america-nobox.png"" />",UG::Continents			
/WTM1iZ|Fj,Asie,,,,,,,"<img src=""ug-map-asia-nobox.png"" />",UG::Continents			
V77|rBdN|&,Afrika,,,,,,,"<img src=""ug-map-africa-nobox.png"" />",UG::Continents			
W)5*a86BWu,"AustrĂˇlie (OceĂˇnie)",,,,,,,"<img src=""ug-map-oceania-nobox.png"" />",UG::Continents			
!d1ww0x|),Antarktida,,,,,,,"<img src=""ug-map-antarctica-nobox.png"" />",UG::Continents			
Zam2fCA?l/,"SvatĂ˝ Martin (francouzskĂˇ ÄŤĂˇst)","KonstituÄŤnĂ­ zemÄ› Francie.",,,,,,"<img src=""ug-map-saint_martin.png"" />","UG::Caribbean UG::North_America"			
